"cabecalho",,,"cabecalho","cabecalho","cabecalho"
"campo","campo","campo","campo","campo","campo",
"campo","campo","campo","campo",,"campo","campo"
"campo","campo","campo","campo","campo","campo",
"campo","campo","campo","campo",,"campo","campo"
"campo","campo","campo","campo","campo","campo",
"campo","campo","campo","campo",,"campo","campo"
"campo","campo","campo","campo","campo","campo",
"campo","campo","campo","campo",,"campo","campo"
"campo","campo","campo","campo","campo","campo",
"campo","campo","campo","campo",,"campo","campo"
"campo","campo","campo","campo","campo","campo",
"campo","campo","campo","campo",,"campo","campo"
"campo","campo","campo","campo","campo","campo",
"campo","campo","campo","campo",,"campo","campo"
"campo","campo","campo","campo","campo","campo",
"campo","campo","campo","campo",,"campo","campo"
"campo","campo","campo","campo","campo","campo",
"campo","campo","campo","campo",,"campo","campo"
"campo","campo","campo","campo","campo","campo",
"campo","campo","campo","campo",,"campo","campo"
