"cabecalho","","Arquivo","1585104564926","",
"campo","campo","campo","campo","campo","campo","",
"campo","campo","campo","campo","","campo","campo",
"campo","campo","campo","campo","campo","campo","",
"campo","campo","campo","campo","","campo","campo",
"campo","campo","campo","campo","campo","campo","",
"campo","campo","campo","campo","","campo","campo",
"campo","campo","campo","campo","campo","campo","",
"campo","campo","campo","campo","","campo","campo",
"campo","campo","campo","campo","campo","campo","",
"campo","campo","campo","campo","","campo","campo",
"campo","campo","campo","campo","campo","campo","",
"campo","campo","campo","campo","","campo","campo",
"campo","campo","campo","campo","campo","campo","",
"campo","campo","campo","campo","","campo","campo",
"campo","campo","campo","campo","campo","campo","",
"campo","campo","campo","campo","","campo","campo",
"campo","campo","campo","campo","campo","campo","",
"campo","campo","campo","campo","","campo","campo",
"campo","campo","campo","campo","campo","campo","",
"campo","campo","campo","campo","","campo","campo",
"campo","campo","campo","campo","campo","campo","",
"campo","campo","campo","campo","","campo","campo",
"campo","campo","campo","campo","campo","campo","",
"campo","campo","campo","campo","","campo","campo",
"campo","campo","campo","campo","campo","campo","",
"campo","campo","campo","campo","","campo","campo",
"campo","campo","campo","campo","campo","campo","",
"campo","campo","campo","campo","","campo","campo",
"campo","campo","campo","campo","campo","campo","",
"campo","campo","campo","campo","","campo","campo",
